{"cameraMode":{"drawMode":0,"name":"Shaded","section":"Shading Mode"},"sceneLighting":false,"audioPlay":false,"sceneViewState":{"m_AlwaysRefresh":false,"showFog":true,"showSkybox":false,"showFlares":true,"showImageEffects":true,"showParticleSystems":true,"showVisualEffectGraphs":true,"m_FxEnabled":true},"in2DMode":false,"pivot":{"x":-1.6808583736419678,"y":-0.3056071102619171,"z":3.1550121307373049},"rotation":{"x":-0.07585533708333969,"y":0.926119327545166,"z":-0.26848098635673525,"w":-0.25168296694755556},"size":0.8660253882408142,"orthographic":false}