{"cameraMode":{"drawMode":0,"name":"Shaded","section":"Shading Mode"},"sceneLighting":true,"audioPlay":false,"sceneViewState":{"m_AlwaysRefresh":true,"showFog":true,"showSkybox":true,"showFlares":true,"showImageEffects":true,"showParticleSystems":true,"showVisualEffectGraphs":true,"m_FxEnabled":true},"in2DMode":false,"pivot":{"x":-1.2225265502929688,"y":2.1525845527648927,"z":19.947933197021486},"rotation":{"x":-0.17323799431324006,"y":-0.28160804510116579,"z":0.051751360297203067,"w":-0.942298948764801},"size":5.05705451965332,"orthographic":false}