{"cameraMode":{"drawMode":0,"name":"Shaded","section":"Shading Mode"},"sceneLighting":false,"audioPlay":false,"sceneViewState":{"m_AlwaysRefresh":false,"showFog":true,"showSkybox":true,"showFlares":true,"showImageEffects":true,"showParticleSystems":true,"showVisualEffectGraphs":true,"m_FxEnabled":false},"in2DMode":false,"pivot":{"x":0.4477055072784424,"y":-0.518101692199707,"z":0.22336626052856446},"rotation":{"x":0.2307019978761673,"y":0.18458499014377595,"z":-0.04728146642446518,"w":0.9541870355606079},"size":4.425002574920654,"orthographic":false}