{"cameraMode":{"drawMode":0,"name":"Shaded","section":"Shading Mode"},"sceneLighting":true,"audioPlay":false,"sceneViewState":{"m_AlwaysRefresh":false,"showFog":true,"showSkybox":true,"showFlares":true,"showImageEffects":true,"showParticleSystems":true,"showVisualEffectGraphs":true,"m_FxEnabled":true},"in2DMode":false,"pivot":{"x":-1.9494524002075196,"y":-28.92376136779785,"z":38.11833572387695},"rotation":{"x":-0.3352369964122772,"y":-0.027132144197821618,"z":0.009664767421782017,"w":-0.9417047500610352},"size":35.70783615112305,"orthographic":false}