{"cameraMode":{"drawMode":0,"name":"Shaded","section":"Shading Mode"},"sceneLighting":true,"audioPlay":false,"sceneViewState":{"m_AlwaysRefresh":true,"showFog":true,"showSkybox":true,"showFlares":true,"showImageEffects":true,"showParticleSystems":true,"showVisualEffectGraphs":true,"m_FxEnabled":true},"in2DMode":false,"pivot":{"x":-28.123634338378908,"y":-8.224004745483399,"z":12.873197555541993},"rotation":{"x":0.25882989168167117,"y":-0.3283771574497223,"z":0.09407110512256623,"w":0.9035120010375977},"size":25.060256958007814,"orthographic":false}