{"cameraMode":{"drawMode":0,"name":"Shaded","section":"Shading Mode"},"sceneLighting":false,"audioPlay":false,"sceneViewState":{"m_AlwaysRefresh":false,"showFog":true,"showSkybox":true,"showFlares":true,"showImageEffects":true,"showParticleSystems":true,"showVisualEffectGraphs":true,"m_FxEnabled":false},"in2DMode":false,"pivot":{"x":1.156728982925415,"y":2.2623672485351564,"z":-2.350064277648926},"rotation":{"x":0.029980774968862535,"y":0.03148061782121658,"z":-0.000944720406550914,"w":0.9990536570549011},"size":4.74362325668335,"orthographic":false}