{"cameraMode":{"drawMode":0,"name":"Shaded","section":"Shading Mode"},"sceneLighting":true,"audioPlay":false,"sceneViewState":{"m_AlwaysRefresh":false,"showFog":true,"showSkybox":true,"showFlares":true,"showImageEffects":true,"showParticleSystems":true,"showVisualEffectGraphs":true,"m_FxEnabled":true},"in2DMode":false,"pivot":{"x":-6.166599750518799,"y":12.067935943603516,"z":-3.185603141784668},"rotation":{"x":0.2204168438911438,"y":0.11839020997285843,"z":-0.02969328500330448,"w":0.9671737551689148},"size":0.09876192361116409,"orthographic":false}