{"cameraMode":{"drawMode":0,"name":"Shaded","section":"Shading Mode"},"sceneLighting":true,"audioPlay":false,"sceneViewState":{"m_AlwaysRefresh":false,"showFog":true,"showSkybox":true,"showFlares":true,"showImageEffects":true,"showParticleSystems":true,"showVisualEffectGraphs":true,"m_FxEnabled":true},"in2DMode":false,"pivot":{"x":-4.989146709442139,"y":-5.277684211730957,"z":2.955446243286133},"rotation":{"x":-0.2641336917877197,"y":0.006363923195749521,"z":-0.0017364438390359283,"w":-0.9644748568534851},"size":10.972402572631836,"orthographic":false}