{"cameraMode":{"drawMode":0,"name":"Shaded","section":"Shading Mode"},"sceneLighting":true,"audioPlay":false,"sceneViewState":{"m_AlwaysRefresh":true,"showFog":true,"showSkybox":true,"showFlares":true,"showImageEffects":true,"showParticleSystems":true,"showVisualEffectGraphs":true,"m_FxEnabled":true},"in2DMode":false,"pivot":{"x":2.565523147583008,"y":-3.0109057426452638,"z":24.447649002075197},"rotation":{"x":-0.16148614883422852,"y":0.6988446712493897,"z":-0.16681504249572755,"w":-0.6765632033348084},"size":10.300000190734864,"orthographic":false}