{"cameraMode":{"drawMode":0,"name":"Shaded","section":"Shading Mode"},"sceneLighting":true,"audioPlay":false,"sceneViewState":{"m_AlwaysRefresh":true,"showFog":true,"showSkybox":true,"showFlares":true,"showImageEffects":true,"showParticleSystems":true,"showVisualEffectGraphs":true,"m_FxEnabled":true},"in2DMode":false,"pivot":{"x":7.397898197174072,"y":10.964578628540039,"z":-10.142875671386719},"rotation":{"x":0.16183236241340638,"y":0.029942888766527177,"z":0.03834119066596031,"w":0.9856743812561035},"size":12.53996467590332,"orthographic":false}