{"cameraMode":{"drawMode":0,"name":"Shaded","section":"Shading Mode"},"sceneLighting":false,"audioPlay":false,"sceneViewState":{"m_AlwaysRefresh":false,"showFog":true,"showSkybox":true,"showFlares":true,"showImageEffects":true,"showParticleSystems":true,"showVisualEffectGraphs":true,"m_FxEnabled":false},"in2DMode":false,"pivot":{"x":1.3801020383834839,"y":1.5098148584365845,"z":7.01604700088501},"rotation":{"x":0.15624363720417024,"y":0.18983867764472962,"z":-0.030607596039772035,"w":0.9688007235527039},"size":1.737280249595642,"orthographic":false}