{"cameraMode":{"drawMode":0,"name":"Shaded","section":"Shading Mode"},"sceneLighting":false,"audioPlay":false,"sceneViewState":{"m_AlwaysRefresh":false,"showFog":true,"showSkybox":false,"showFlares":true,"showImageEffects":true,"showParticleSystems":true,"showVisualEffectGraphs":true,"m_FxEnabled":true},"in2DMode":false,"pivot":{"x":0.004466510843485594,"y":0.04093227908015251,"z":-0.09126123785972595},"rotation":{"x":0.29679083824157717,"y":-0.6964207291603088,"z":0.4004420340061188,"w":0.5155947804450989},"size":0.22499999403953553,"orthographic":false}