{"cameraMode":{"drawMode":0,"name":"Shaded","section":"Shading Mode"},"sceneLighting":false,"audioPlay":false,"sceneViewState":{"m_AlwaysRefresh":false,"showFog":true,"showSkybox":false,"showFlares":true,"showImageEffects":true,"showParticleSystems":true,"showVisualEffectGraphs":true,"m_FxEnabled":false},"in2DMode":false,"pivot":{"x":-8.470657348632813,"y":0.43275612592697146,"z":0.7491863369941711},"rotation":{"x":0.13962313532829286,"y":0.06379665434360504,"z":-0.00914086028933525,"w":0.988014817237854},"size":0.9536725878715515,"orthographic":false}