{"cameraMode":{"drawMode":0,"name":"Shaded","section":"Shading Mode"},"sceneLighting":false,"audioPlay":false,"sceneViewState":{"m_AlwaysRefresh":false,"showFog":true,"showSkybox":false,"showFlares":true,"showImageEffects":true,"showParticleSystems":true,"showVisualEffectGraphs":true,"m_FxEnabled":true},"in2DMode":false,"pivot":{"x":-1.0536165237426758,"y":2.1133909225463869,"z":5.741777420043945},"rotation":{"x":0.2883354723453522,"y":-0.009297641925513745,"z":0.0027415466029196979,"w":0.9574804306030273},"size":25.89854621887207,"orthographic":false}