{"cameraMode":{"drawMode":0,"name":"Shaded","section":"Shading Mode"},"sceneLighting":false,"audioPlay":false,"sceneViewState":{"m_AlwaysRefresh":false,"showFog":true,"showSkybox":false,"showFlares":true,"showImageEffects":true,"showParticleSystems":true,"showVisualEffectGraphs":true,"m_FxEnabled":true},"in2DMode":false,"pivot":{"x":-1.0537729263305665,"y":1.9723029136657715,"z":5.744019508361816},"rotation":{"x":0.003218651982024312,"y":-0.708012580871582,"z":0.003148404648527503,"w":0.7061799764633179},"size":3.247580051422119,"orthographic":true}